frame,c0,c1,c2,c3,c4,c5,c6,c7,c8,c9,c10,c11,c12,c13,c14,c15,c16,c17
0,1,0,0,0,0,0,0,0,0,0,0,0,0,0,0,0,0,0
1,8,0,0,0,0,0,0,0,0,0,0,0,0,0,0,0,0,0
2,17,0,0,0,0,0,0,0,0,0,0,0,0,0,0,0,0,0
3,29,0,0,0,0,0,0,0,0,0,0,0,0,0,0,0,0,0
4,46,0,0,0,0,0,0,0,0,0,0,0,0,0,0,0,0,0
5,63,0,0,0,0,0,0,0,0,0,0,0,0,0,0,0,0,0
6,82,0,0,0,0,0,0,0,0,0,0,0,0,0,0,0,0,0
7,95,0,0,0,0,0,0,0,0,0,0,0,0,0,0,0,0,0
8,114,0,0,0,0,0,0,0,0,0,0,0,0,0,0,0,0,0
9,122,0,0,0,0,0,0,0,0,0,0,0,0,0,0,0,0,0
10,133,0,0,0,0,0,0,0,0,0,0,0,0,0,0,0,0,0
11,149,0,0,0,0,0,0,0,0,0,0,0,0,0,0,0,0,0
12,165,0,0,0,0,0,0,0,0,0,0,0,0,0,0,0,0,0
13,180,0,0,0,0,0,0,0,0,0,0,0,0,0,0,0,0,0
14,193,0,0,0,0,0,0,0,0,0,0,0,0,0,0,0,0,0
15,194,52,50,0,0,0,1,-3,33,16,0,0,0,0,0,0,0,0
16,211,0,0,0,0,0,0,0,0,0,0,0,0,0,0,0,0,0
17,227,0,0,0,0,0,0,0,0,0,0,0,0,0,0,0,0,0
18,244,0,0,0,0,0,0,0,0,0,0,0,0,0,0,0,0,0
19,263,0,0,0,0,0,0,0,0,0,0,0,0,0,0,0,0,0
20,282,0,0,0,0,0,0,0,0,0,0,0,0,0,0,0,0,0
21,283,0,0,0,0,0,0,0,0,0,0,0,0,0,0,0,0,0
22,288,52,49,0,0,0,-2,-95,34,152,0,0,0,0,0,0,0,0
23,293,0,0,0,0,0,0,0,0,0,0,0,0,0,0,0,0,0
24,294,0,0,0,0,0,0,0,0,0,0,0,0,0,0,0,0,0
25,295,0,0,0,0,0,0,0,0,0,0,0,0,0,0,0,0,0
26,296,52,0,0,0,0,0,0,0,0,0,0,0,0,0,0,0,0
27,297,0,0,0,0,0,0,0,0,0,0,0,0,0,0,0,0,0
28,302,52,0,0,0,0,0,0,0,0,0,0,0,0,0,0,0,0
29,305,52,0,0,0,0,0,0,0,0,0,0,0,0,0,0,0,0
30,306,0,0,0,0,0,0,0,0,0,0,0,0,0,0,0,0,0
31,307,0,0,0,0,0,0,0,0,0,0,0,0,0,0,0,0,0
32,308,0,0,0,0,0,0,0,0,0,0,0,0,0,0,0,0,0
33,309,52,0,0,0,0,0,0,0,0,0,0,0,0,0,0,0,0
34,310,52,0,0,0,0,0,0,0,0,0,0,0,0,0,0,0,0
35,312,52,49,0,0,0,-1,-60,33,126,0,0,0,0,0,0,0,0
36,315,0,0,0,0,0,0,0,0,0,0,0,0,0,0,0,0,0
37,318,0,0,0,0,0,0,0,0,0,0,0,0,0,0,0,0,0
38,319,52,0,0,0,0,0,0,0,0,0,0,0,0,0,0,0,0
39,320,52,0,0,0,0,0,0,0,0,0,0,0,0,0,0,0,0
40,321,52,0,0,0,0,0,0,0,0,0,0,0,0,0,0,0,0
41,322,50,0,0,0,0,0,0,0,0,0,0,0,0,0,0,0,0
42,323,52,49,0,0,0,-2,-126,34,202,0,0,0,0,0,0,0,0
43,324,0,0,0,0,0,0,0,0,0,0,0,0,0,0,0,0,0
44,330,52,49,0,0,0,-2,-97,34,154,0,0,0,0,0,0,0,0
45,335,0,0,0,0,0,0,0,0,0,0,0,0,0,0,0,0,0
46,337,52,49,0,0,0,-2,-125,34,200,0,0,0,0,0,0,0,0
47,339,52,49,0,0,0,-2,-125,34,201,0,0,0,0,0,0,0,0
48,344,0,0,0,0,0,0,0,0,0,0,0,0,0,0,0,0,0
49,346,0,0,0,0,0,0,0,0,0,0,0,0,0,0,0,0,0
50,348,0,0,0,0,0,0,0,0,0,0,0,0,0,0,0,0,0
51,351,0,0,0,0,0,0,0,0,0,0,0,0,0,0,0,0,0
52,353,51,0,0,0,0,0,0,0,0,0,0,0,0,0,0,0,0
53,355,0,0,0,0,0,0,0,0,0,0,0,0,0,0,0,0,0
54,357,0,0,0,0,0,0,0,0,0,0,0,0,0,0,0,0,0
55,359,0,0,0,0,0,0,0,0,0,0,0,0,0,0,0,0,0
56,361,0,0,0,0,0,0,0,0,0,0,0,0,0,0,0,0,0
57,362,52,0,0,0,0,0,0,0,0,0,0,0,0,0,0,0,0
58,365,0,0,0,0,0,0,0,0,0,0,0,0,0,0,0,0,0
59,366,0,0,0,0,0,0,0,0,0,0,0,0,0,0,0,0,0
60,367,0,0,0,0,0,0,0,0,0,0,0,0,0,0,0,0,0
61,368,0,0,0,0,0,0,0,0,0,0,0,0,0,0,0,0,0
62,369,0,50,0,0,0,1,-15,23,98,0,0,0,0,0,0,0,0
63,370,0,50,0,0,0,-1,-13,25,97,0,0,0,0,0,0,0,0
64,371,0,0,0,0,0,0,0,0,0,0,0,0,0,0,0,0,0
65,372,0,0,0,0,0,0,0,0,0,0,0,0,0,0,0,0,0
66,373,0,0,0,0,0,0,0,0,0,0,0,0,0,0,0,0,0
67,374,0,0,0,0,0,0,0,0,0,0,0,0,0,0,0,0,0
68,375,0,0,0,0,0,0,0,0,0,0,0,0,0,0,0,0,0
69,376,0,0,0,0,0,0,0,0,0,0,0,0,0,0,0,0,0
70,377,0,0,0,0,0,0,0,0,0,0,0,0,0,0,0,0,0
71,378,0,0,0,0,0,0,0,0,0,0,0,0,0,0,0,0,0
72,379,0,0,0,0,0,0,0,0,0,0,0,0,0,0,0,0,0
73,380,0,0,0,0,0,0,0,0,0,0,0,0,0,0,0,0,0
74,381,0,0,0,0,0,0,0,0,0,0,0,0,0,0,0,0,0
75,382,52,50,0,0,0,1,-3,33,16,0,0,0,0,0,0,0,0
76,383,0,0,0,0,0,0,0,0,0,0,0,0,0,0,0,0,0
77,384,0,0,0,0,0,0,0,0,0,0,0,0,0,0,0,0,0
78,385,44,0,0,0,0,0,0,0,0,0,0,0,0,0,0,0,0
79,387,0,50,0,0,0,-22,5,47,81,0,0,0,0,0,0,0,0
80,389,0,50,0,0,0,-20,10,44,75,0,0,0,0,0,0,0,0
81,391,0,50,0,0,0,-22,0,48,85,0,0,0,0,0,0,0,0
82,393,0,50,0,0,0,-22,1,47,85,0,0,0,0,0,0,0,0
83,394,0,50,0,0,0,-23,0,49,85,0,0,0,0,0,0,0,0
84,397,0,50,0,0,0,-30,32,74,51,0,0,0,0,0,0,0,0
85,398,0,0,0,0,0,0,0,0,0,0,0,0,0,0,0,0,0
86,399,0,0,0,0,0,0,0,0,0,0,0,0,0,0,0,0,0
87,400,0,0,0,0,0,0,0,0,0,0,0,0,0,0,0,0,0
88,401,0,0,0,0,0,0,0,0,0,0,0,0,0,0,0,0,0
89,404,0,0,0,0,0,0,0,0,0,0,0,0,0,0,0,0,0
90,406,0,0,0,0,0,0,0,0,0,0,0,0,0,0,0,0,0
91,409,0,0,0,0,0,0,0,0,0,0,0,0,0,0,0,0,0
92,411,0,0,0,0,0,0,0,0,0,0,0,0,0,0,0,0,0
93,414,0,0,0,0,0,0,0,0,0,0,0,0,0,0,0,0,0
94,415,51,0,0,0,0,0,0,0,0,0,0,0,0,0,0,0,0
95,417,0,0,0,0,0,0,0,0,0,0,0,0,0,0,0,0,0
96,419,0,0,0,0,0,0,0,0,0,0,0,0,0,0,0,0,0
97,420,0,0,0,0,0,0,0,0,0,0,0,0,0,0,0,0,0
98,422,0,0,0,0,0,0,0,0,0,0,0,0,0,0,0,0,0
99,424,0,0,0,0,0,0,0,0,0,0,0,0,0,0,0,0,0
100,425,0,0,0,0,0,0,0,0,0,0,0,0,0,0,0,0,0
101,426,0,0,0,0,0,0,0,0,0,0,0,0,0,0,0,0,0
102,427,0,0,0,0,0,0,0,0,0,0,0,0,0,0,0,0,0
103,428,0,0,0,0,0,0,0,0,0,0,0,0,0,0,0,0,0
104,429,0,0,0,0,0,0,0,0,0,0,0,0,0,0,0,0,0
105,430,0,0,0,0,0,0,0,0,0,0,0,0,0,0,0,0,0
106,432,0,0,0,0,0,0,0,0,0,0,0,0,0,0,0,0,0
107,433,0,0,0,0,0,0,0,0,0,0,0,0,0,0,0,0,0
108,435,0,0,0,0,0,0,0,0,0,0,0,0,0,0,0,0,0
109,436,0,0,0,0,0,0,0,0,0,0,0,0,0,0,0,0,0
110,437,0,0,0,0,0,0,0,0,0,0,0,0,0,0,0,0,0
111,438,0,50,0,0,0,-15,29,31,57,0,0,0,0,0,0,0,0
112,447,0,0,0,0,0,0,0,0,0,0,0,0,0,0,0,0,0
113,455,0,0,0,0,0,0,0,0,0,0,0,0,0,0,0,0,0
114,462,0,0,0,0,0,0,0,0,0,0,0,0,0,0,0,0,0
115,468,0,0,0,0,0,0,0,0,0,0,0,0,0,0,0,0,0
116,472,0,0,0,0,0,0,0,0,0,0,0,0,0,0,0,0,0
117,475,0,0,0,0,0,0,0,0,0,0,0,0,0,0,0,0,0
118,477,0,0,0,0,0,0,0,0,0,0,0,0,0,0,0,0,0
119,478,52,50,0,0,0,2,0,67,65,0,0,0,0,0,0,0,0
120,479,52,50,0,0,0,0,0,0,0,0,0,0,0,0,0,0,0
121,480,52,50,0,0,0,1,0,99,97,0,0,0,0,0,0,0,0
122,482,52,50,0,0,0,2,0,98,97,0,0,0,0,0,0,0,0
123,483,52,50,0,0,0,1,-2,99,100,0,0,0,0,0,0,0,0
124,484,0,0,0,0,0,0,0,0,0,0,0,0,0,0,0,0,0
125,485,51,0,0,0,0,0,0,0,0,0,0,0,0,0,0,0,0
126,489,0,0,0,0,0,0,0,0,0,0,0,0,0,0,0,0,0
127,490,52,0,0,0,0,0,0,0,0,0,0,0,0,0,0,0,0
128,491,0,0,0,0,0,0,0,0,0,0,0,0,0,0,0,0,0
129,492,51,0,0,0,0,0,0,0,0,0,0,0,0,0,0,0,0
130,500,0,0,0,0,0,0,0,0,0,0,0,0,0,0,0,0,0
131,502,0,0,0,0,0,0,0,0,0,0,0,0,0,0,0,0,0
132,504,0,0,0,0,0,0,0,0,0,0,0,0,0,0,0,0,0
133,507,0,0,0,0,0,0,0,0,0,0,0,0,0,0,0,0,0
134,511,0,0,0,0,0,0,0,0,0,0,0,0,0,0,0,0,0
135,512,0,0,0,0,0,0,0,0,0,0,0,0,0,0,0,0,0
136,513,0,0,0,0,0,0,0,0,0,0,0,0,0,0,0,0,0
137,514,0,0,0,0,0,0,0,0,0,0,0,0,0,0,0,0,0
138,517,0,0,0,0,0,0,0,0,0,0,0,0,0,0,0,0,0
139,519,0,0,0,0,0,0,0,0,0,0,0,0,0,0,0,0,0
140,520,50,0,0,0,0,0,0,0,0,0,0,0,0,0,0,0,0
141,527,0,0,0,0,0,0,0,0,0,0,0,0,0,0,0,0,0
142,528,50,0,0,0,0,0,0,0,0,0,0,0,0,0,0,0,0
143,530,50,0,0,0,0,0,0,0,0,0,0,0,0,0,0,0,0
144,531,0,0,0,0,0,0,0,0,0,0,0,0,0,0,0,0,0
145,539,0,0,0,0,0,0,0,0,0,0,0,0,0,0,0,0,0
146,540,0,0,0,0,0,0,0,0,0,0,0,0,0,0,0,0,0
147,542,0,0,0,0,0,0,0,0,0,0,0,0,0,0,0,0,0
148,548,0,0,0,0,0,0,0,0,0,0,0,0,0,0,0,0,0
149,549,50,0,0,0,0,0,0,0,0,0,0,0,0,0,0,0,0
150,551,50,0,0,0,0,0,0,0,0,0,0,0,0,0,0,0,0
151,552,50,0,0,0,0,0,0,0,0,0,0,0,0,0,0,0,0
152,553,0,0,0,0,0,0,0,0,0,0,0,0,0,0,0,0,0
153,554,0,0,0,0,0,0,0,0,0,0,0,0,0,0,0,0,0
154,555,0,0,0,0,0,0,0,0,0,0,0,0,0,0,0,0,0
155,556,0,0,0,0,0,0,0,0,0,0,0,0,0,0,0,0,0
156,557,0,0,0,0,0,0,0,0,0,0,0,0,0,0,0,0,0
157,558,0,0,0,0,0,0,0,0,0,0,0,0,0,0,0,0,0
158,561,0,50,0,0,0,-17,-199,35,38,0,0,0,0,0,0,0,0
159,562,0,0,0,0,0,0,0,0,0,0,0,0,0,0,0,0,0
160,563,0,0,0,0,0,0,0,0,0,0,0,0,0,0,0,0,0
161,577,0,0,0,0,0,0,0,0,0,0,0,0,0,0,0,0,0
162,589,0,0,0,0,0,0,0,0,0,0,0,0,0,0,0,0,0
163,599,0,0,0,0,0,0,0,0,0,0,0,0,0,0,0,0,0
164,607,0,0,0,0,0,0,0,0,0,0,0,0,0,0,0,0,0
165,613,0,0,0,0,0,0,0,0,0,0,0,0,0,0,0,0,0
166,617,0,0,0,0,0,0,0,0,0,0,0,0,0,0,0,0,0
167,619,0,0,0,0,0,0,0,0,0,0,0,0,0,0,0,0,0
168,620,0,50,0,0,0,-27,-62,85,136,0,0,0,0,0,0,0,0
169,621,0,50,0,0,0,-47,-91,123,164,0,0,0,0,0,0,0,0
170,622,0,50,0,0,0,-51,-93,100,165,0,0,0,0,0,0,0,0
171,623,0,0,0,0,0,0,0,0,0,0,0,0,0,0,0,0,0
172,625,0,0,0,0,0,0,0,0,0,0,0,0,0,0,0,0,0
173,639,50,49,0,0,0,-45,-93,90,92,0,0,0,0,0,0,0,0
174,647,50,0,0,0,0,0,0,0,0,0,0,0,0,0,0,0,0
175,651,50,0,0,0,0,0,0,0,0,0,0,0,0,0,0,0,0
176,657,50,50,0,0,0,-45,-93,90,92,0,0,0,0,0,0,0,0
177,658,0,0,0,0,0,0,0,0,0,0,0,0,0,0,0,0,0
178,666,0,0,0,0,0,0,0,0,0,0,0,0,0,0,0,0,0
179,674,0,50,0,0,0,-67,-114,124,174,0,0,0,0,0,0,0,0
180,682,0,0,0,0,0,0,0,0,0,0,0,0,0,0,0,0,0
181,683,0,0,0,0,0,0,0,0,0,0,0,0,0,0,0,0,0
182,684,0,0,0,0,0,0,0,0,0,0,0,0,0,0,0,0,0
183,686,0,0,0,0,0,0,0,0,0,0,0,0,0,0,0,0,0
184,687,0,0,0,0,0,0,0,0,0,0,0,0,0,0,0,0,0
185,688,0,0,0,0,0,0,0,0,0,0,0,0,0,0,0,0,0
186,689,0,0,0,0,0,0,0,0,0,0,0,0,0,0,0,0,0
187,694,0,49,0,0,0,-31,-123,59,123,0,0,0,0,0,0,0,0
188,697,0,0,0,0,0,0,0,0,0,0,0,0,0,0,0,0,0
189,700,0,0,0,0,0,0,0,0,0,0,0,0,0,0,0,0,0
190,707,0,0,0,0,0,0,0,0,0,0,0,0,0,0,0,0,0
191,718,0,0,0,0,0,0,0,0,0,0,0,0,0,0,0,0,0
192,719,0,0,0,0,0,0,0,0,0,0,0,0,0,0,0,0,0
193,725,0,49,0,0,0,-30,-120,60,121,0,0,0,0,0,0,0,0
194,731,0,49,0,0,0,-30,-121,60,125,0,0,0,0,0,0,0,0
195,735,0,49,0,0,0,-30,-118,60,120,0,0,0,0,0,0,0,0
196,740,0,49,0,0,0,-30,-120,59,123,0,0,0,0,0,0,0,0
197,745,0,49,0,0,0,-29,-120,57,122,0,0,0,0,0,0,0,0
198,748,0,0,0,0,0,0,0,0,0,0,0,0,0,0,0,0,0
199,749,0,0,0,0,0,0,0,0,0,0,0,0,0,0,0,0,0
200,750,0,0,0,0,0,0,0,0,0,0,0,0,0,0,0,0,0
201,751,0,0,0,0,0,0,0,0,0,0,0,0,0,0,0,0,0
202,752,0,50,0,0,0,-1,25,38,66,0,0,0,0,0,0,0,0
203,754,0,50,0,0,0,-1,24,36,67,0,0,0,0,0,0,0,0
204,755,50,49,0,0,0,1,-65,61,168,0,0,0,0,0,0,0,0
205,758,0,0,0,0,0,0,0,0,0,0,0,0,0,0,0,0,0
206,759,0,0,0,0,0,0,0,0,0,0,0,0,0,0,0,0,0
207,766,0,0,0,0,0,0,0,0,0,0,0,0,0,0,0,0,0
208,768,0,50,0,0,0,-18,-35,39,38,0,0,0,0,0,0,0,0
209,770,0,50,0,0,0,-53,15,102,69,0,0,0,0,0,0,0,0
210,774,0,50,0,0,0,-54,16,105,66,0,0,0,0,0,0,0,0
211,779,0,50,0,0,0,-35,26,56,113,0,0,0,0,0,0,0,0
212,780,0,0,0,0,0,0,0,0,0,0,0,0,0,0,0,0,0
213,791,50,49,0,0,0,-65,-65,102,128,0,0,0,0,0,0,0,0
214,792,0,50,0,0,0,-11,18,83,28,0,0,0,0,0,0,0,0
215,804,0,49,0,0,0,-37,-12,109,64,0,0,0,0,0,0,0,0
216,809,50,49,0,0,0,-58,-42,121,79,0,0,0,0,0,0,0,0
217,819,0,49,0,0,0,1,-12,66,68,0,0,0,0,0,0,0,0
218,820,0,50,0,0,0,-59,20,155,37,0,0,0,0,0,0,0,0
219,827,0,49,0,0,0,-30,-28,109,88,0,0,0,0,0,0,0,0
220,828,50,50,0,0,0,-71,-7,139,69,0,0,0,0,0,0,0,0
221,829,0,0,0,0,0,0,0,0,0,0,0,0,0,0,0,0,0
222,834,0,50,0,0,0,-36,-13,78,91,0,0,0,0,0,0,0,0
223,835,0,0,0,0,0,0,0,0,0,0,0,0,0,0,0,0,0
224,836,0,0,0,0,0,0,0,0,0,0,0,0,0,0,0,0,0
225,837,0,0,0,0,0,0,0,0,0,0,0,0,0,0,0,0,0
226,841,50,49,0,0,0,-51,-93,89,118,0,0,0,0,0,0,0,0
227,843,0,0,0,0,0,0,0,0,0,0,0,0,0,0,0,0,0
228,844,0,49,0,0,0,-4,-50,27,155,0,0,0,0,0,0,0,0
229,845,0,0,0,0,0,0,0,0,0,0,0,0,0,0,0,0,0
230,846,0,0,0,0,0,0,0,0,0,0,0,0,0,0,0,0,0
231,847,0,0,0,0,0,0,0,0,0,0,0,0,0,0,0,0,0
232,850,0,0,0,0,0,0,0,0,0,0,0,0,0,0,0,0,0
233,852,50,49,0,0,0,3,2,29,56,0,0,0,0,0,0,0,0
234,855,50,50,0,0,0,2,2,32,54,0,0,0,0,0,0,0,0
235,858,50,50,0,0,0,1,2,31,53,0,0,0,0,0,0,0,0
236,861,50,50,0,0,0,1,1,32,55,0,0,0,0,0,0,0,0
237,862,0,0,0,0,0,0,0,0,0,0,0,0,0,0,0,0,0
238,864,50,50,0,0,0,4,4,28,51,0,0,0,0,0,0,0,0
239,865,50,49,0,0,0,-2,2,38,50,0,0,0,0,0,0,0,0
240,869,50,50,0,0,0,-2,2,39,53,0,0,0,0,0,0,0,0
241,876,50,50,0,0,0,-2,2,35,50,0,0,0,0,0,0,0,0
242,882,50,50,0,0,0,-2,2,34,50,0,0,0,0,0,0,0,0
243,889,50,50,0,0,0,-1,2,33,51,0,0,0,0,0,0,0,0
244,890,0,0,0,0,0,0,0,0,0,0,0,0,0,0,0,0,0
245,893,0,0,0,0,0,0,0,0,0,0,0,0,0,0,0,0,0
246,894,52,49,0,0,0,-1,-60,33,126,0,0,0,0,0,0,0,0
247,896,52,0,0,0,0,0,0,0,0,0,0,0,0,0,0,0,0
248,899,0,50,0,0,0,-15,-202,32,36,0,0,0,0,0,0,0,0
249,901,0,0,0,0,0,0,0,0,0,0,0,0,0,0,0,0,0
250,903,0,0,0,0,0,0,0,0,0,0,0,0,0,0,0,0,0
251,905,0,50,0,0,0,1,40,24,51,14,60,5,6,2,40,23,50
252,907,0,50,0,0,0,-1,24,28,67,9,57,6,6,1,24,25,67
253,909,0,50,0,0,0,-1,10,28,81,12,44,5,10,1,11,23,79
254,911,0,50,0,0,0,1,12,24,79,13,50,3,4,1,14,24,76
255,913,0,50,0,0,0,-1,24,29,66,11,54,4,4,1,27,23,63
256,915,0,50,0,0,0,1,41,25,50,15,65,7,7,1,36,24,54
257,917,0,0,0,0,0,0,0,0,0,0,0,0,0,0,0,0,0
258,921,50,50,0,0,0,-64,-7,126,85,0,0,0,0,0,0,0,0
259,924,50,50,0,0,0,-60,-5,123,64,0,0,0,0,0,0,0,0
260,926,0,50,0,0,0,-7,15,76,50,0,0,0,0,0,0,0,0
261,929,0,50,0,0,0,-59,20,152,37,0,0,0,0,0,0,0,0
262,930,0,50,0,0,0,1,-32,59,62,0,0,0,0,0,0,0,0
263,931,0,50,0,0,0,1,-31,59,63,0,0,0,0,0,0,0,0
264,932,50,49,0,0,0,1,-6,62,33,0,0,0,0,0,0,0,0
265,933,0,0,0,0,0,0,0,0,0,0,0,0,0,0,0,0,0
266,934,0,0,0,0,0,0,0,0,0,0,0,0,0,0,0,0,0
267,935,0,0,0,0,0,0,0,0,0,0,0,0,0,0,0,0,0
268,936,52,50,0,0,0,-2,-96,35,127,0,0,0,0,0,0,0,0
269,937,0,0,0,0,0,0,0,0,0,0,0,0,0,0,0,0,0
270,938,0,0,0,0,0,0,0,0,0,0,0,0,0,0,0,0,0
271,939,0,0,0,0,0,0,0,0,0,0,0,0,0,0,0,0,0
272,940,0,0,0,0,0,0,0,0,0,0,0,0,0,0,0,0,0
273,941,51,0,0,0,0,0,0,0,0,0,0,0,0,0,0,0,0
274,942,51,0,0,0,0,0,0,0,0,0,0,0,0,0,0,0,0
275,943,51,0,0,0,0,0,0,0,0,0,0,0,0,0,0,0,0
276,944,51,0,0,0,0,0,0,0,0,0,0,0,0,0,0,0,0
277,945,0,0,0,0,0,0,0,0,0,0,0,0,0,0,0,0,0
278,946,0,0,0,0,0,0,0,0,0,0,0,0,0,0,0,0,0
279,947,0,0,0,0,0,0,0,0,0,0,0,0,0,0,0,0,0
280,948,0,0,0,0,0,0,0,0,0,0,0,0,0,0,0,0,0
281,949,0,0,0,0,0,0,0,0,0,0,0,0,0,0,0,0,0
282,950,0,0,0,0,0,0,0,0,0,0,0,0,0,0,0,0,0
283,951,0,0,0,0,0,0,0,0,0,0,0,0,0,0,0,0,0
284,952,0,0,0,0,0,0,0,0,0,0,0,0,0,0,0,0,0
285,953,0,0,0,0,0,0,0,0,0,0,0,0,0,0,0,0,0
286,955,0,0,0,0,0,0,0,0,0,0,0,0,0,0,0,0,0
287,972,0,0,0,0,0,0,0,0,0,0,0,0,0,0,0,0,0
288,991,0,0,0,0,0,0,0,0,0,0,0,0,0,0,0,0,0
289,1010,0,0,0,0,0,0,0,0,0,0,0,0,0,0,0,0,0
290,1029,0,0,0,0,0,0,0,0,0,0,0,0,0,0,0,0,0
291,1045,0,0,0,0,0,0,0,0,0,0,0,0,0,0,0,0,0
292,1063,0,0,0,0,0,0,0,0,0,0,0,0,0,0,0,0,0
293,1080,0,0,0,0,0,0,0,0,0,0,0,0,0,0,0,0,0
294,1099,0,0,0,0,0,0,0,0,0,0,0,0,0,0,0,0,0
295,1118,0,0,0,0,0,0,0,0,0,0,0,0,0,0,0,0,0
296,1120,0,0,0,0,0,0,0,0,0,0,0,0,0,0,0,0,0
297,1122,0,0,0,0,0,0,0,0,0,0,0,0,0,0,0,0,0
298,1124,0,0,0,0,0,0,0,0,0,0,0,0,0,0,0,0,0
299,1126,0,0,0,0,0,0,0,0,0,0,0,0,0,0,0,0,0
300,1128,0,0,0,0,0,0,0,0,0,0,0,0,0,0,0,0,0
301,1130,0,0,0,0,0,0,0,0,0,0,0,0,0,0,0,0,0
302,1132,0,0,0,0,0,0,0,0,0,0,0,0,0,0,0,0,0
303,1134,0,0,0,0,0,0,0,0,0,0,0,0,0,0,0,0,0
304,1136,0,0,0,0,0,0,0,0,0,0,0,0,0,0,0,0,0
305,1143,0,0,0,0,0,0,0,0,0,0,0,0,0,0,0,0,0
306,1144,0,0,0,0,0,0,0,0,0,0,0,0,0,0,0,0,0
307,1145,0,0,0,0,0,0,0,0,0,0,0,0,0,0,0,0,0
308,1147,0,0,0,0,0,0,0,0,0,0,0,0,0,0,0,0,0
309,1148,0,0,0,0,0,0,0,0,0,0,0,0,0,0,0,0,0
310,1149,0,0,0,0,0,0,0,0,0,0,0,0,0,0,0,0,0
311,1151,0,0,0,0,0,0,0,0,0,0,0,0,0,0,0,0,0
312,1152,0,0,0,0,0,0,0,0,0,0,0,0,0,0,0,0,0
313,1153,0,0,0,0,0,0,0,0,0,0,0,0,0,0,0,0,0
314,1155,0,0,0,0,0,0,0,0,0,0,0,0,0,0,0,0,0
315,1156,0,0,0,0,0,0,0,0,0,0,0,0,0,0,0,0,0
316,1157,0,0,0,0,0,0,0,0,0,0,0,0,0,0,0,0,0
317,1159,0,0,0,0,0,0,0,0,0,0,0,0,0,0,0,0,0
318,1160,0,0,0,0,0,0,0,0,0,0,0,0,0,0,0,0,0
319,1161,0,0,0,0,0,0,0,0,0,0,0,0,0,0,0,0,0
320,1163,0,0,0,0,0,0,0,0,0,0,0,0,0,0,0,0,0
321,1165,0,0,0,0,0,0,0,0,0,0,0,0,0,0,0,0,0
322,1167,0,0,0,0,0,0,0,0,0,0,0,0,0,0,0,0,0
323,1169,0,0,0,0,0,0,0,0,0,0,0,0,0,0,0,0,0
324,1171,0,0,0,0,0,0,0,0,0,0,0,0,0,0,0,0,0
325,1173,0,0,0,0,0,0,0,0,0,0,0,0,0,0,0,0,0
326,1175,0,0,0,0,0,0,0,0,0,0,0,0,0,0,0,0,0
327,1177,0,0,0,0,0,0,0,0,0,0,0,0,0,0,0,0,0
328,1179,0,0,0,0,0,0,0,0,0,0,0,0,0,0,0,0,0
329,1181,0,0,0,0,0,0,0,0,0,0,0,0,0,0,0,0,0
330,1189,0,0,0,0,0,0,0,0,0,0,0,0,0,0,0,0,0
331,1192,0,0,0,0,0,0,0,0,0,0,0,0,0,0,0,0,0
332,1193,0,0,0,0,0,0,0,0,0,0,0,0,0,0,0,0,0
333,1194,0,0,0,0,0,0,0,0,0,0,0,0,0,0,0,0,0
334,1195,0,0,0,0,0,0,0,0,0,0,0,0,0,0,0,0,0
335,1196,0,0,0,0,0,0,0,0,0,0,0,0,0,0,0,0,0
336,1197,0,0,0,0,0,0,0,0,0,0,0,0,0,0,0,0,0
337,1198,0,0,0,0,0,0,0,0,0,0,0,0,0,0,0,0,0
338,1199,0,0,0,0,0,0,0,0,0,0,0,0,0,0,0,0,0
339,1200,0,0,0,0,0,0,0,0,0,0,0,0,0,0,0,0,0
340,1201,0,0,0,0,0,0,0,0,0,0,0,0,0,0,0,0,0
341,1205,0,0,0,0,0,0,0,0,0,0,0,0,0,0,0,0,0
342,1214,0,0,0,0,0,0,0,0,0,0,0,0,0,0,0,0,0
343,1216,0,0,0,0,0,0,0,0,0,0,0,0,0,0,0,0,0
344,1222,0,0,0,0,0,0,0,0,0,0,0,0,0,0,0,0,0
345,1224,0,0,0,0,0,0,0,0,0,0,0,0,0,0,0,0,0
346,1225,0,0,0,0,0,0,0,0,0,0,0,0,0,0,0,0,0
347,1226,0,0,0,0,0,0,0,0,0,0,0,0,0,0,0,0,0
348,1227,0,0,0,0,0,0,0,0,0,0,0,0,0,0,0,0,0
349,1229,0,0,0,0,0,0,0,0,0,0,0,0,0,0,0,0,0
350,1234,0,0,0,0,0,0,0,0,0,0,0,0,0,0,0,0,0
351,1236,10,61,61,110,1,-62,13,58,62,-53,52,6,7,-63,13,58,62
352,1238,10,61,61,110,1,-132,0,62,60,-113,36,6,7,-131,0,61,60
353,1240,10,61,61,110,1,-193,-25,64,60,-173,13,8,4,-190,-26,60,61
354,1242,10,61,61,110,1,-248,-62,63,60,-226,-28,8,9,-248,-64,65,63
355,1244,10,61,61,110,1,-292,-110,60,60,-277,-75,6,6,-293,-110,60,62
356,1246,10,61,61,110,1,-329,-166,59,60,-309,-131,6,6,-329,-167,59,60
357,1248,10,61,61,110,1,-349,-216,60,63,-330,-180,5,5,-350,-215,61,60
358,1250,10,61,61,110,1,-358,-250,61,60,-338,-213,5,6,-360,-252,64,61
359,1252,10,61,61,110,1,-359,-265,59,58,-339,-226,5,6,-358,-265,58,58
360,1254,10,61,61,110,1,-361,-277,62,60,-343,-240,6,3,-361,-277,60,61
361,1256,10,61,61,110,1,-359,-284,57,61,-341,-246,5,5,-359,-283,56,60
362,1258,10,61,61,110,1,-359,-287,59,60,-341,-250,5,5,-362,-285,60,59
363,1260,10,61,61,110,1,-360,-286,57,57,-346,-250,5,5,-361,-287,59,57
364,1262,10,61,61,110,0,-359,-279,57,59,-342,-246,5,6,-360,-279,57,58
365,1264,10,61,61,110,0,-357,-264,57,59,-340,-228,9,8,-358,-262,58,58
366,1266,10,61,61,110,0,-351,-231,59,57,-334,-193,5,5,-351,-230,58,56
367,1268,10,61,61,110,0,-330,-167,61,58,-312,-130,5,5,-330,-168,60,58
368,1270,10,61,61,110,0,-293,-112,58,58,-279,-74,9,5,-294,-109,59,56
369,1272,10,61,61,110,0,-247,-60,60,55,-229,-26,5,6,-246,-62,60,56
370,1274,10,61,61,110,0,-192,-26,57,56,-178,10,7,5,-193,-25,59,56
371,1276,10,61,61,110,0,-134,2,61,58,-115,35,9,6,-133,1,61,59
372,1278,10,61,61,110,0,-67,14,60,58,-45,53,9,7,-67,14,60,57
373,1280,10,61,61,110,0,2,14,60,59,40,55,5,7,5,12,59,60
374,1282,10,61,61,110,0,68,0,60,59,107,41,6,7,69,3,59,56
375,1284,10,61,61,110,0,129,-22,61,56,166,13,8,7,127,-23,63,58
376,1286,10,61,61,110,0,185,-60,59,56,231,-19,8,8,185,-60,60,55
377,1288,10,61,61,110,0,230,-108,61,58,274,-72,7,9,230,-110,62,60
378,1290,10,61,61,110,0,266,-166,60,57,312,-130,8,9,264,-167,63,58
379,1292,10,61,61,110,0,285,-215,60,56,331,-179,6,9,287,-215,58,57
380,1294,10,61,61,110,0,295,-252,59,59,340,-215,8,8,294,-253,60,61
381,1296,10,61,61,110,0,297,-267,60,56,341,-227,8,8,297,-269,60,61
382,1298,10,61,61,110,0,297,-278,60,59,333,-235,10,9,298,-278,60,61
383,1300,10,61,61,110,0,300,-284,60,56,338,-241,8,6,300,-283,60,56
384,1302,10,61,61,110,0,301,-289,58,60,338,-243,9,7,300,-289,59,60
385,1304,10,61,61,110,0,300,-289,59,58,337,-245,8,7,300,-288,59,58
386,1306,10,61,61,110,1,300,-282,59,58,338,-235,7,7,302,-280,59,58
387,1308,10,61,61,110,1,299,-264,60,57,340,-220,7,5,298,-264,60,57
388,1310,10,61,61,110,1,289,-232,60,59,330,-192,7,7,290,-230,59,56
389,1312,10,61,61,110,1,268,-168,57,58,309,-124,6,8,268,-170,59,60
390,1314,10,61,61,110,1,235,-113,57,61,276,-69,7,7,233,-114,58,61
391,1316,10,61,61,110,1,188,-62,58,57,224,-18,8,6,187,-64,61,59
392,1318,10,61,61,110,1,133,-27,60,60,163,16,6,6,133,-27,60,60
393,1320,10,61,61,110,1,73,-2,57,62,91,47,6,6,73,-1,56,61
394,1322,10,61,61,110,1,6,12,60,61,30,58,7,6,5,13,61,59
395,1323,0,0,0,0,0,0,0,0,0,0,0,0,0,0,0,0,0
396,1324,0,0,0,0,0,0,0,0,0,0,0,0,0,0,0,0,0
397,1326,51,0,0,0,0,0,0,0,0,0,0,0,0,0,0,0,0
398,1330,0,0,0,0,0,0,0,0,0,0,0,0,0,0,0,0,0
399,1336,0,0,0,0,0,0,0,0,0,0,0,0,0,0,0,0,0
400,1341,0,0,0,0,0,0,0,0,0,0,0,0,0,0,0,0,0
401,1346,0,0,0,0,0,0,0,0,0,0,0,0,0,0,0,0,0
402,1351,0,0,0,0,0,0,0,0,0,0,0,0,0,0,0,0,0
403,1355,0,0,0,0,0,0,0,0,0,0,0,0,0,0,0,0,0
404,1356,51,0,0,0,0,0,0,0,0,0,0,0,0,0,0,0,0
405,1357,0,0,0,0,0,0,0,0,0,0,0,0,0,0,0,0,0
406,1358,0,0,0,0,0,0,0,0,0,0,0,0,0,0,0,0,0
407,1359,0,0,0,0,0,0,0,0,0,0,0,0,0,0,0,0,0
408,1360,1,85,58,110,2,1,67,25,36,14,76,5,7,1,65,27,38
409,1361,1,85,58,110,2,1,49,29,52,13,65,3,5,1,47,27,54
410,1362,1,85,58,110,2,2,34,27,67,15,58,3,3,2,35,25,66
411,1363,1,85,58,110,2,2,36,28,66,14,58,4,6,3,35,27,67
412,1364,1,85,58,110,2,1,50,27,52,13,65,5,5,4,50,26,51
413,1365,1,85,58,110,2,1,66,24,35,18,79,3,3,2,66,27,36
414,1366,0,0,0,0,0,0,0,0,0,0,0,0,0,0,0,0,0
415,1367,0,0,0,0,0,0,0,0,0,0,0,0,0,0,0,0,0
416,1368,0,0,0,0,0,0,0,0,0,0,0,0,0,0,0,0,0
417,1369,0,0,0,0,0,0,0,0,0,0,0,0,0,0,0,0,0
418,1370,0,0,0,0,0,0,0,0,0,0,0,0,0,0,0,0,0
419,1371,0,0,0,0,0,0,0,0,0,0,0,0,0,0,0,0,0
420,1372,0,0,0,0,0,0,0,0,0,0,0,0,0,0,0,0,0
421,1373,0,0,0,0,0,0,0,0,0,0,0,0,0,0,0,0,0
422,1374,0,0,0,0,0,0,0,0,0,0,0,0,0,0,0,0,0
423,1375,0,0,0,0,0,0,0,0,0,0,0,0,0,0,0,0,0
424,1376,0,0,0,0,0,0,0,0,0,0,0,0,0,0,0,0,0
425,1377,0,0,0,0,0,0,0,0,0,0,0,0,0,0,0,0,0
426,1378,0,0,0,0,0,0,0,0,0,0,0,0,0,0,0,0,0
427,1379,0,0,0,0,0,0,0,0,0,0,0,0,0,0,0,0,0
428,1380,0,0,0,0,0,0,0,0,0,0,0,0,0,0,0,0,0
429,1381,0,0,0,0,0,0,0,0,0,0,0,0,0,0,0,0,0
430,1382,0,0,0,0,0,0,0,0,0,0,0,0,0,0,0,0,0
431,1383,0,0,0,0,0,0,0,0,0,0,0,0,0,0,0,0,0
432,1384,0,0,0,0,0,0,0,0,0,0,0,0,0,0,0,0,0
433,1385,0,0,0,0,0,0,0,0,0,0,0,0,0,0,0,0,0
434,1386,0,0,0,0,0,0,0,0,0,0,0,0,0,0,0,0,0
435,1387,0,0,0,0,0,0,0,0,0,0,0,0,0,0,0,0,0
436,1388,0,0,0,0,0,0,0,0,0,0,0,0,0,0,0,0,0
437,1389,0,0,0,0,0,0,0,0,0,0,0,0,0,0,0,0,0
438,1390,0,0,0,0,0,0,0,0,0,0,0,0,0,0,0,0,0
439,1392,0,49,0,0,0,-24,-116,48,117,0,0,0,0,0,0,0,0
440,1394,0,49,0,0,0,-41,-119,48,118,0,0,0,0,0,0,0,0
441,1396,0,49,0,0,0,-50,-117,45,113,0,0,0,0,0,0,0,0
442,1398,0,49,0,0,0,-63,-120,48,110,0,0,0,0,0,0,0,0
443,1400,0,49,0,0,0,-73,-126,47,113,0,0,0,0,0,0,0,0
444,1402,0,49,0,0,0,-73,-128,48,118,0,0,0,0,0,0,0,0
445,1404,0,49,0,0,0,-68,-123,49,111,0,0,0,0,0,0,0,0
446,1406,0,49,0,0,0,-56,-119,45,114,0,0,0,0,0,0,0,0
447,1408,0,49,0,0,0,-40,-118,45,118,0,0,0,0,0,0,0,0
448,1410,0,49,0,0,0,-24,-113,47,115,0,0,0,0,0,0,0,0
449,1412,0,49,0,0,0,-8,-114,49,109,0,0,0,0,0,0,0,0
450,1414,0,49,0,0,0,4,-120,47,115,0,0,0,0,0,0,0,0
451,1416,0,49,0,0,0,15,-124,49,111,0,0,0,0,0,0,0,0
452,1418,0,49,0,0,0,23,-125,51,110,0,0,0,0,0,0,0,0
453,1420,0,49,0,0,0,22,-128,50,115,0,0,0,0,0,0,0,0
454,1422,0,49,0,0,0,19,-123,47,108,0,0,0,0,0,0,0,0
455,1424,0,49,0,0,0,12,-120,44,111,0,0,0,0,0,0,0,0
456,1426,0,49,0,0,0,-3,-113,41,112,0,0,0,0,0,0,0,0
457,1427,0,0,0,0,0,0,0,0,0,0,0,0,0,0,0,0,0
458,1428,50,50,0,0,0,-30,-5,90,38,0,0,0,0,0,0,0,0
459,1429,0,50,0,0,0,-22,4,33,56,0,0,0,0,0,0,0,0
460,1430,0,50,0,0,0,17,7,33,58,0,0,0,0,0,0,0,0
461,1431,0,50,0,0,0,1,-77,78,150,0,0,0,0,0,0,0,0
462,1432,0,50,0,0,0,-61,4,155,44,0,0,0,0,0,0,0,0
463,1437,50,49,0,0,0,-25,-21,78,44,0,0,0,0,0,0,0,0
464,1441,50,49,0,0,0,-24,-20,78,44,0,0,0,0,0,0,0,0
465,1445,50,49,0,0,0,-25,-23,80,51,0,0,0,0,0,0,0,0
466,1458,0,0,0,0,0,0,0,0,0,0,0,0,0,0,0,0,0
467,1469,0,0,0,0,0,0,0,0,0,0,0,0,0,0,0,0,0
468,1477,0,0,0,0,0,0,0,0,0,0,0,0,0,0,0,0,0
469,1490,0,0,0,0,0,0,0,0,0,0,0,0,0,0,0,0,0
470,1495,50,50,0,0,0,-64,-65,73,134,0,0,0,0,0,0,0,0
471,1498,0,50,0,0,0,-30,-28,109,88,0,0,0,0,0,0,0,0
472,1500,50,50,0,0,0,-51,-95,87,118,0,0,0,0,0,0,0,0
473,1508,0,0,0,0,0,0,0,0,0,0,0,0,0,0,0,0,0
474,1513,0,0,0,0,0,0,0,0,0,0,0,0,0,0,0,0,0
475,1519,0,0,0,0,0,0,0,0,0,0,0,0,0,0,0,0,0
476,1525,0,0,0,0,0,0,0,0,0,0,0,0,0,0,0,0,0
477,1526,51,0,0,0,0,0,0,0,0,0,0,0,0,0,0,0,0
478,1527,0,0,0,0,0,0,0,0,0,0,0,0,0,0,0,0,0
479,1528,0,0,0,0,0,0,0,0,0,0,0,0,0,0,0,0,0
480,1529,0,0,0,0,0,0,0,0,0,0,0,0,0,0,0,0,0
481,1530,0,0,0,0,0,0,0,0,0,0,0,0,0,0,0,0,0
482,1531,0,0,0,0,0,0,0,0,0,0,0,0,0,0,0,0,0
483,1532,0,0,0,0,0,0,0,0,0,0,0,0,0,0,0,0,0
484,1533,0,0,0,0,0,0,0,0,0,0,0,0,0,0,0,0,0
485,1534,0,0,0,0,0,0,0,0,0,0,0,0,0,0,0,0,0
486,1535,0,0,0,0,0,0,0,0,0,0,0,0,0,0,0,0,0
487,1536,0,0,0,0,0,0,0,0,0,0,0,0,0,0,0,0,0
488,1537,0,0,0,0,0,0,0,0,0,0,0,0,0,0,0,0,0
489,1538,0,0,0,0,0,0,0,0,0,0,0,0,0,0,0,0,0
490,1539,0,0,0,0,0,0,0,0,0,0,0,0,0,0,0,0,0
491,1540,0,0,0,0,0,0,0,0,0,0,0,0,0,0,0,0,0
492,1541,0,0,0,0,0,0,0,0,0,0,0,0,0,0,0,0,0
493,1542,0,0,0,0,0,0,0,0,0,0,0,0,0,0,0,0,0
494,1543,0,0,0,0,0,0,0,0,0,0,0,0,0,0,0,0,0
495,1544,0,0,0,0,0,0,0,0,0,0,0,0,0,0,0,0,0
496,1545,0,0,0,0,0,0,0,0,0,0,0,0,0,0,0,0,0
497,1546,0,0,0,0,0,0,0,0,0,0,0,0,0,0,0,0,0
498,1547,50,49,0,0,0,1,-6,62,33,0,0,0,0,0,0,0,0
499,1548,52,49,0,0,0,-2,-96,35,127,0,0,0,0,0,0,0,0
